{
  "Launch PIM Page" : {
    "transaction" : "Launch PIM Page",
    "sampleCount" : 4,
    "errorCount" : 0,
    "errorPct" : 0.0,
    "meanResTime" : 2548.75,
    "medianResTime" : 2722.5,
    "minResTime" : 1135.0,
    "maxResTime" : 3615.0,
    "pct1ResTime" : 3615.0,
    "pct2ResTime" : 3615.0,
    "pct3ResTime" : 3615.0,
    "throughput" : 0.05497223901929526,
    "receivedKBytesPerSec" : 0.8151620736215711,
    "sentKBytesPerSec" : 0.07853943914573142
  },
  "Fill Job Details Info-1" : {
    "transaction" : "Fill Job Details Info-1",
    "sampleCount" : 19,
    "errorCount" : 0,
    "errorPct" : 0.0,
    "meanResTime" : 1735.8421052631581,
    "medianResTime" : 852.0,
    "minResTime" : 553.0,
    "maxResTime" : 9571.0,
    "pct1ResTime" : 5235.0,
    "pct2ResTime" : 9571.0,
    "pct3ResTime" : 9571.0,
    "throughput" : 0.17713800915523817,
    "receivedKBytesPerSec" : 2.634618331686261,
    "sentKBytesPerSec" : 0.10492076570235222
  },
  "Login Admin Account  " : {
    "transaction" : "Login Admin Account  ",
    "sampleCount" : 4,
    "errorCount" : 0,
    "errorPct" : 0.0,
    "meanResTime" : 2475.5,
    "medianResTime" : 1552.0,
    "minResTime" : 1209.0,
    "maxResTime" : 5589.0,
    "pct1ResTime" : 5589.0,
    "pct2ResTime" : 5589.0,
    "pct3ResTime" : 5589.0,
    "throughput" : 0.05065856129685917,
    "receivedKBytesPerSec" : 0.606938046162614,
    "sentKBytesPerSec" : 0.0933275155141844
  },
  "Launch Home Page" : {
    "transaction" : "Launch Home Page",
    "sampleCount" : 4,
    "errorCount" : 0,
    "errorPct" : 0.0,
    "meanResTime" : 1971.25,
    "medianResTime" : 2169.0,
    "minResTime" : 913.0,
    "maxResTime" : 2634.0,
    "pct1ResTime" : 2634.0,
    "pct2ResTime" : 2634.0,
    "pct3ResTime" : 2634.0,
    "throughput" : 0.051719010615326924,
    "receivedKBytesPerSec" : 1.0198216138594018,
    "sentKBytesPerSec" : 0.031516272093714846
  },
  "Logout-1" : {
    "transaction" : "Logout-1",
    "sampleCount" : 4,
    "errorCount" : 0,
    "errorPct" : 0.0,
    "meanResTime" : 3417.5,
    "medianResTime" : 2123.5,
    "minResTime" : 710.0,
    "maxResTime" : 8713.0,
    "pct1ResTime" : 8713.0,
    "pct2ResTime" : 8713.0,
    "pct3ResTime" : 8713.0,
    "throughput" : 0.06182762458266353,
    "receivedKBytesPerSec" : 1.216914371638123,
    "sentKBytesPerSec" : 0.0467933682144182
  },
  "Login Admin Account  -0" : {
    "transaction" : "Login Admin Account  -0",
    "sampleCount" : 4,
    "errorCount" : 0,
    "errorPct" : 0.0,
    "meanResTime" : 630.25,
    "medianResTime" : 637.5,
    "minResTime" : 581.0,
    "maxResTime" : 665.0,
    "pct1ResTime" : 665.0,
    "pct2ResTime" : 665.0,
    "pct3ResTime" : 665.0,
    "throughput" : 0.05108295872496935,
    "receivedKBytesPerSec" : 0.08116403695852063,
    "sentKBytesPerSec" : 0.051756415700347363
  },
  "Logout-0" : {
    "transaction" : "Logout-0",
    "sampleCount" : 4,
    "errorCount" : 0,
    "errorPct" : 0.0,
    "meanResTime" : 571.75,
    "medianResTime" : 547.5,
    "minResTime" : 261.0,
    "maxResTime" : 931.0,
    "pct1ResTime" : 931.0,
    "pct2ResTime" : 931.0,
    "pct3ResTime" : 931.0,
    "throughput" : 0.07075763740248713,
    "receivedKBytesPerSec" : 0.11097340397304134,
    "sentKBytesPerSec" : 0.05299912879658948
  },
  "Login Admin Account  -1" : {
    "transaction" : "Login Admin Account  -1",
    "sampleCount" : 4,
    "errorCount" : 0,
    "errorPct" : 0.0,
    "meanResTime" : 1844.25,
    "medianResTime" : 899.5,
    "minResTime" : 571.0,
    "maxResTime" : 5007.0,
    "pct1ResTime" : 5007.0,
    "pct2ResTime" : 5007.0,
    "pct3ResTime" : 5007.0,
    "throughput" : 0.05103472913317513,
    "receivedKBytesPerSec" : 0.5303574903034015,
    "sentKBytesPerSec" : 0.042312973666079765
  },
  "Launch PIM Page-0" : {
    "transaction" : "Launch PIM Page-0",
    "sampleCount" : 4,
    "errorCount" : 0,
    "errorPct" : 0.0,
    "meanResTime" : 283.5,
    "medianResTime" : 286.5,
    "minResTime" : 265.0,
    "maxResTime" : 296.0,
    "pct1ResTime" : 296.0,
    "pct2ResTime" : 296.0,
    "pct3ResTime" : 296.0,
    "throughput" : 0.05561348627042057,
    "receivedKBytesPerSec" : 0.08358315954118874,
    "sentKBytesPerSec" : 0.039646332985749044
  },
  "Fill Employee Info" : {
    "transaction" : "Fill Employee Info",
    "sampleCount" : 20,
    "errorCount" : 0,
    "errorPct" : 0.0,
    "meanResTime" : 2757.15,
    "medianResTime" : 2118.5,
    "minResTime" : 989.0,
    "maxResTime" : 7935.0,
    "pct1ResTime" : 6397.800000000004,
    "pct2ResTime" : 7866.5999999999985,
    "pct3ResTime" : 7935.0,
    "throughput" : 0.18399602568584517,
    "receivedKBytesPerSec" : 2.581855950661466,
    "sentKBytesPerSec" : 0.10671410122541354
  },
  "Launch PIM Page-1" : {
    "transaction" : "Launch PIM Page-1",
    "sampleCount" : 4,
    "errorCount" : 0,
    "errorPct" : 0.0,
    "meanResTime" : 2265.25,
    "medianResTime" : 2436.0,
    "minResTime" : 839.0,
    "maxResTime" : 3350.0,
    "pct1ResTime" : 3350.0,
    "pct2ResTime" : 3350.0,
    "pct3ResTime" : 3350.0,
    "throughput" : 0.05517317480241107,
    "receivedKBytesPerSec" : 0.7352202702795901,
    "sentKBytesPerSec" : 0.03949407922867902
  },
  "View Job Details Page" : {
    "transaction" : "View Job Details Page",
    "sampleCount" : 20,
    "errorCount" : 0,
    "errorPct" : 0.0,
    "meanResTime" : 1875.75,
    "medianResTime" : 1029.0,
    "minResTime" : 511.0,
    "maxResTime" : 8999.0,
    "pct1ResTime" : 4507.900000000003,
    "pct2ResTime" : 8783.449999999997,
    "pct3ResTime" : 8999.0,
    "throughput" : 0.18688794198998282,
    "receivedKBytesPerSec" : 2.6965155911265604,
    "sentKBytesPerSec" : 0.1411879999252448
  },
  "Get _csrf_token" : {
    "transaction" : "Get _csrf_token",
    "sampleCount" : 4,
    "errorCount" : 0,
    "errorPct" : 0.0,
    "meanResTime" : 1435.25,
    "medianResTime" : 796.0,
    "minResTime" : 689.0,
    "maxResTime" : 3460.0,
    "pct1ResTime" : 3460.0,
    "pct2ResTime" : 3460.0,
    "pct3ResTime" : 3460.0,
    "throughput" : 0.05103863624763946,
    "receivedKBytesPerSec" : 1.0045614784297963,
    "sentKBytesPerSec" : 0.022802906331342826
  },
  "Launch Dashboard Page" : {
    "transaction" : "Launch Dashboard Page",
    "sampleCount" : 4,
    "errorCount" : 0,
    "errorPct" : 0.0,
    "meanResTime" : 3248.0,
    "medianResTime" : 1391.0,
    "minResTime" : 530.0,
    "maxResTime" : 9680.0,
    "pct1ResTime" : 9680.0,
    "pct2ResTime" : 9680.0,
    "pct3ResTime" : 9680.0,
    "throughput" : 0.052016957528154176,
    "receivedKBytesPerSec" : 0.5405648960311061,
    "sentKBytesPerSec" : 0.038758729095685195
  },
  "Total" : {
    "transaction" : "Total",
    "sampleCount" : 186,
    "errorCount" : 0,
    "errorPct" : 0.0,
    "meanResTime" : 1764.0322580645163,
    "medianResTime" : 1049.5,
    "minResTime" : 261.0,
    "maxResTime" : 10590.0,
    "pct1ResTime" : 3506.500000000002,
    "pct2ResTime" : 5587.6,
    "pct3ResTime" : 9798.299999999996,
    "throughput" : 1.3566343797409266,
    "receivedKBytesPerSec" : 16.530006988308145,
    "sentKBytesPerSec" : 1.3808732216966682
  },
  "Fill Job Details Info-0" : {
    "transaction" : "Fill Job Details Info-0",
    "sampleCount" : 19,
    "errorCount" : 0,
    "errorPct" : 0.0,
    "meanResTime" : 507.78947368421046,
    "medianResTime" : 350.0,
    "minResTime" : 296.0,
    "maxResTime" : 1029.0,
    "pct1ResTime" : 1025.0,
    "pct2ResTime" : 1029.0,
    "pct3ResTime" : 1029.0,
    "throughput" : 0.17752695606675015,
    "receivedKBytesPerSec" : 0.2707340827228898,
    "sentKBytesPerSec" : 0.3153074369779306
  },
  "Logout" : {
    "transaction" : "Logout",
    "sampleCount" : 4,
    "errorCount" : 0,
    "errorPct" : 0.0,
    "meanResTime" : 3989.75,
    "medianResTime" : 2864.0,
    "minResTime" : 971.0,
    "maxResTime" : 9260.0,
    "pct1ResTime" : 9260.0,
    "pct2ResTime" : 9260.0,
    "pct3ResTime" : 9260.0,
    "throughput" : 0.06130737987585255,
    "receivedKBytesPerSec" : 1.3028267252279868,