{
  "login-tokens-1" : {
    "transaction" : "login-tokens-1",
    "sampleCount" : 1,
    "errorCount" : 0,
    "errorPct" : 0.0,
    "meanResTime" : 1105.0,
    "medianResTime" : 1105.0,
    "minResTime" : 1105.0,
    "maxResTime" : 1105.0,
    "pct1ResTime" : 1105.0,
    "pct2ResTime" : 1105.0,
    "pct3ResTime" : 1105.0,
    "throughput" : 0.9049773755656109,
    "receivedKBytesPerSec" : 2.962386877828054,
    "sentKBytesPerSec" : 0.7591558257918553
  },
  "checkoutCart" : {
    "transaction" : "checkoutCart",
    "sampleCount" : 5,
    "errorCount" : 0,
    "errorPct" : 0.0,
    "meanResTime" : 1377.4,
    "medianResTime" : 1393.0,
    "minResTime" : 1339.0,
    "maxResTime" : 1395.0,
    "pct1ResTime" : 1395.0,
    "pct2ResTime" : 1395.0,
    "pct3ResTime" : 1395.0,
    "throughput" : 0.31474254060178775,
    "receivedKBytesPerSec" : 2.5963185942024425,
    "sentKBytesPerSec" : 0.26759263266398087
  },
  "login-tokens-0" : {
    "transaction" : "login-tokens-0",
    "sampleCount" : 1,
    "errorCount" : 0,
    "errorPct" : 0.0,
    "meanResTime" : 1055.0,
    "medianResTime" : 1055.0,
    "minResTime" : 1055.0,
    "maxResTime" : 1055.0,
    "pct1ResTime" : 1055.0,
    "pct2ResTime" : 1055.0,
    "pct3ResTime" : 1055.0,
    "throughput" : 0.9478672985781991,
    "receivedKBytesPerSec" : 0.5220675355450237,
    "sentKBytesPerSec" : 1.1126332938388626
  },
  "search" : {
    "transaction" : "search",
    "sampleCount" : 5,
    "errorCount" : 0,
    "errorPct" : 0.0,
    "meanResTime" : 1226.6,
    "medianResTime" : 1230.0,
    "minResTime" : 1130.0,
    "maxResTime" : 1325.0,
    "pct1ResTime" : 1325.0,
    "pct2ResTime" : 1325.0,
    "pct3ResTime" : 1325.0,
    "throughput" : 0.3222064699059157,
    "receivedKBytesPerSec" : 1.5464022626949347,
    "sentKBytesPerSec" : 0.264498787698157
  },
  "addCart" : {
    "transaction" : "addCart",
    "sampleCount" : 5,
    "errorCount" : 0,
    "errorPct" : 0.0,
    "meanResTime" : 988.0,
    "medianResTime" : 981.0,
    "minResTime" : 944.0,
    "maxResTime" : 1061.0,
    "pct1ResTime" : 1061.0,
    "pct2ResTime" : 1061.0,
    "pct3ResTime" : 1061.0,
    "throughput" : 0.3236664940445365,
    "receivedKBytesPerSec" : 0.22985378366131537,
    "sentKBytesPerSec" : 0.3131094033208182
  },
  "Total" : {
    "transaction" : "Total",
    "sampleCount" : 21,
    "errorCount" : 0,
    "errorPct" : 0.0,
    "meanResTime" : 1225.9999999999998,
    "medianResTime" : 1205.0,
    "minResTime" : 944.0,
    "maxResTime" : 2160.0,
    "pct1ResTime" : 1394.6,
    "pct2ResTime" : 2083.499999999999,
    "pct3ResTime" : 2160.0,
    "throughput" : 0.889679715302491,
    "receivedKBytesPerSec" : 3.709853533829012,
    "sentKBytesPerSec" : 0.8209595698822234
  },
  "loginPage" : {
    "transaction" : "loginPage",
    "sampleCount" : 1,
    "errorCount" : 0,
    "errorPct" : 0.0,
    "meanResTime" : 1103.0,
    "medianResTime" : 1103.0,
    "minResTime" : 1103.0,
    "maxResTime" : 1103.0,
    "pct1ResTime" : 1103.0,
    "pct2ResTime" : 1103.0,
    "pct3ResTime" : 1103.0,
    "throughput" : 0.9066183136899365,
    "receivedKBytesPerSec" : 3.033275725294651,
    "sentKBytesPerSec" : 0.7038687103354488
  },
  "login" : {
    "transaction" : "login",
    "sampleCount" : 1,
    "errorCount" : 0,
    "errorPct" : 0.0,
    "meanResTime" : 1139.0,
    "medianResTime" : 1139.0,
    "minResTime" : 1139.0,
    "maxResTime" : 1139.0,
    "pct1ResTime" : 1139.0,
    "pct2ResTime" : 1139.0,
    "pct3ResTime" : 1139.0,
    "throughput" : 0.8779631255487269,
    "receivedKBytesPerSec" : 2.8885329784899034,
    "sentKBytesPerSec" : 0.7082007243195786
  },
  "homePage" : {
    "transaction" : "homePage",
    "sampleCount" : 1,
    "errorCount" : 0,
    "errorPct" : 0.0,
    "meanResTime" : 1224.0,
    "medianResTime" : 1224.0,
    "minResTime" : 1224.0,
    "maxResTime" : 1224.0,
    "pct1ResTime" : 1224.0,
    "pct2ResTime" : 1224.0,
    "pct3ResTime" : 1224.0,
    "throughput" : 0.8169934640522876,
    "receivedKBytesPerSec" : 3.6684921364379086,
    "sentKBytesPerSec" : 0.4715265012254902
  },
  "login-tokens" : {
    "transaction" : "login-tokens",
    "sampleCount" : 1,
    "errorCount" : 0,
    "errorPct" : 0.0,
    "meanResTime" : 2160.0,
    "medianResTime" : 2160.0,
    "minResTime" : 2160.0,
    "maxResTime" : 2160.0,
    "pct1ResTime" : 2160.0,
    "pct2ResTime" : 2160.0,
    "pct3ResTime" : 2160.0,
    "throughput" : 0.46296296296296297,
    "receivedKBytesPerSec" : 1.7704716435185184,
    "sentKBytesPerSec" : 0.9318033854166666
  }
}