{
  "Launch PIM Page" : {
    "transaction" : "Launch PIM Page",
    "sampleCount" : 16,
    "errorCount" : 0,
    "errorPct" : 0.0,
    "meanResTime" : 1483.3125000000005,
    "medianResTime" : 946.5,
    "minResTime" : 829.0,
    "maxResTime" : 4761.0,
    "pct1ResTime" : 3251.8000000000015,
    "pct2ResTime" : 4761.0,
    "pct3ResTime" : 4761.0,
    "throughput" : 0.2992164269818413,
    "receivedKBytesPerSec" : 4.492410305200756,
    "sentKBytesPerSec" : 0.4274937819086268
  },
  "Reset Search Employee Info " : {
    "transaction" : "Reset Search Employee Info ",
    "sampleCount" : 16,
    "errorCount" : 0,
    "errorPct" : 0.0,
    "meanResTime" : 1044.7499999999998,
    "medianResTime" : 629.5,
    "minResTime" : 416.0,
    "maxResTime" : 3472.0,
    "pct1ResTime" : 3032.4000000000005,
    "pct2ResTime" : 3472.0,
    "pct3ResTime" : 3472.0,
    "throughput" : 0.2841312686461145,
    "receivedKBytesPerSec" : 3.8396740759074444,
    "sentKBytesPerSec" : 0.1528870400625089
  },
  "Login Admin Account  " : {
    "transaction" : "Login Admin Account  ",
    "sampleCount" : 4,
    "errorCount" : 0,
    "errorPct" : 0.0,
    "meanResTime" : 1178.5,
    "medianResTime" : 1186.0,
    "minResTime" : 1022.0,
    "maxResTime" : 1320.0,
    "pct1ResTime" : 1320.0,
    "pct2ResTime" : 1320.0,
    "pct3ResTime" : 1320.0,
    "throughput" : 0.11973538479959289,
    "receivedKBytesPerSec" : 1.4346614294908255,
    "sentKBytesPerSec" : 0.2205867220941719
  },
  "Launch Home Page" : {
    "transaction" : "Launch Home Page",
    "sampleCount" : 4,
    "errorCount" : 0,
    "errorPct" : 0.0,
    "meanResTime" : 1398.75,
    "medianResTime" : 1400.5,
    "minResTime" : 1145.0,
    "maxResTime" : 1649.0,
    "pct1ResTime" : 1649.0,
    "pct2ResTime" : 1649.0,
    "pct3ResTime" : 1649.0,
    "throughput" : 0.1179140995784571,
    "receivedKBytesPerSec" : 2.3250898634407333,
    "sentKBytesPerSec" : 0.07185390443062228
  },
  "Logout-1" : {
    "transaction" : "Logout-1",
    "sampleCount" : 4,
    "errorCount" : 0,
    "errorPct" : 0.0,
    "meanResTime" : 1166.5,
    "medianResTime" : 1188.5,
    "minResTime" : 476.0,
    "maxResTime" : 1813.0,
    "pct1ResTime" : 1813.0,
    "pct2ResTime" : 1813.0,
    "pct3ResTime" : 1813.0,
    "throughput" : 0.09811376290809194,
    "receivedKBytesPerSec" : 1.9310877290343154,
    "sentKBytesPerSec" : 0.07420811462140352
  },
  "Login Admin Account  -0" : {
    "transaction" : "Login Admin Account  -0",
    "sampleCount" : 4,
    "errorCount" : 0,
    "errorPct" : 0.0,
    "meanResTime" : 621.75,
    "medianResTime" : 616.0,
    "minResTime" : 576.0,
    "maxResTime" : 679.0,
    "pct1ResTime" : 679.0,
    "pct2ResTime" : 679.0,
    "pct3ResTime" : 679.0,
    "throughput" : 0.12183978068839475,
    "receivedKBytesPerSec" : 0.1935872296679866,
    "sentKBytesPerSec" : 0.12344606685957966
  },
  "Get empsearch__csrf_token" : {
    "transaction" : "Get empsearch__csrf_token",
    "sampleCount" : 16,
    "errorCount" : 0,
    "errorPct" : 0.0,
    "meanResTime" : 1228.3125000000002,
    "medianResTime" : 869.0,
    "minResTime" : 569.0,
    "maxResTime" : 2968.0,
    "pct1ResTime" : 2597.7000000000003,
    "pct2ResTime" : 2968.0,
    "pct3ResTime" : 2968.0,
    "throughput" : 0.29330351414272887,
    "receivedKBytesPerSec" : 3.9628197695734264,
    "sentKBytesPerSec" : 0.15467177503620463
  },
  "Logout-0" : {
    "transaction" : "Logout-0",
    "sampleCount" : 4,
    "errorCount" : 0,
    "errorPct" : 0.0,
    "meanResTime" : 251.5,
    "medianResTime" : 253.5,
    "minResTime" : 241.0,
    "maxResTime" : 258.0,
    "pct1ResTime" : 258.0,
    "pct2ResTime" : 258.0,
    "pct3ResTime" : 258.0,
    "throughput" : 0.1008140736446808,
    "receivedKBytesPerSec" : 0.15811269753257554,
    "sentKBytesPerSec" : 0.07546287836782015
  },
  "Login Admin Account  -1" : {
    "transaction" : "Login Admin Account  -1",
    "sampleCount" : 4,
    "errorCount" : 0,
    "errorPct" : 0.0,
    "meanResTime" : 556.25,
    "medianResTime" : 593.5,
    "minResTime" : 398.0,
    "maxResTime" : 640.0,
    "pct1ResTime" : 640.0,
    "pct2ResTime" : 640.0,
    "pct3ResTime" : 640.0,
    "throughput" : 0.12201445871335753,
    "receivedKBytesPerSec" : 1.2681043719305738,
    "sentKBytesPerSec" : 0.10116237836683646
  },
  "Search Employee" : {
    "transaction" : "Search Employee",
    "sampleCount" : 16,
    "errorCount" : 0,
    "errorPct" : 0.0,
    "meanResTime" : 740.875,
    "medianResTime" : 595.5,
    "minResTime" : 368.0,
    "maxResTime" : 2305.0,
    "pct1ResTime" : 1414.6000000000008,
    "pct2ResTime" : 2305.0,
    "pct3ResTime" : 2305.0,
    "throughput" : 0.2940257640075712,
    "receivedKBytesPerSec" : 3.433124069684106,
    "sentKBytesPerSec" : 0.36372767241854564
  },
  "Launch PIM Page-0" : {
    "transaction" : "Launch PIM Page-0",
    "sampleCount" : 16,
    "errorCount" : 0,
    "errorPct" : 0.0,
    "meanResTime" : 328.56249999999994,
    "medianResTime" : 283.0,
    "minResTime" : 258.0,
    "maxResTime" : 565.0,
    "pct1ResTime" : 565.0,
    "pct2ResTime" : 565.0,
    "pct3ResTime" : 565.0,
    "throughput" : 0.3246950910160927,
    "receivedKBytesPerSec" : 0.48799389167360024,
    "sentKBytesPerSec" : 0.23147208636889421
  },
  "Launch PIM Page-1" : {
    "transaction" : "Launch PIM Page-1",
    "sampleCount" : 16,
    "errorCount" : 0,
    "errorPct" : 0.0,
    "meanResTime" : 1154.5625000000002,
    "medianResTime" : 661.0,
    "minResTime" : 570.0,
    "maxResTime" : 4196.0,
    "pct1ResTime" : 2900.300000000001,
    "pct2ResTime" : 4196.0,
    "pct3ResTime" : 4196.0,
    "throughput" : 0.3007744943228814,
    "receivedKBytesPerSec" : 4.063760080645161,
    "sentKBytesPerSec" : 0.21530049251823447
  },
  "Get _csrf_token" : {
    "transaction" : "Get _csrf_token",
    "sampleCount" : 4,
    "errorCount" : 0,
    "errorPct" : 0.0,
    "meanResTime" : 951.75,
    "medianResTime" : 935.5,
    "minResTime" : 709.0,
    "maxResTime" : 1227.0,
    "pct1ResTime" : 1227.0,
    "pct2ResTime" : 1227.0,
    "pct3ResTime" : 1227.0,
    "throughput" : 0.11960291831120679,
    "receivedKBytesPerSec" : 2.3540692556960887,
    "sentKBytesPerSec" : 0.0534358741478292
  },
  "Launch Dashboard Page" : {
    "transaction" : "Launch Dashboard Page",
    "sampleCount" : 4,
    "errorCount" : 0,
    "errorPct" : 0.0,
    "meanResTime" : 507.25,
    "medianResTime" : 554.5,
    "minResTime" : 323.0,
    "maxResTime" : 597.0,
    "pct1ResTime" : 597.0,
    "pct2ResTime" : 597.0,
    "pct3ResTime" : 597.0,
    "throughput" : 0.12103973129179653,
    "receivedKBytesPerSec" : 1.2579739651102975,
    "sentKBytesPerSec" : 0.09018878415589918
  },
  "Total" : {
    "transaction" : "Total",
    "sampleCount" : 148,
    "errorCount" : 0,
    "errorPct" : 0.0,
    "meanResTime" : 969.966216216216,
    "medianResTime" : 651.5,
    "minResTime" : 241.0,
    "maxResTime" : 4761.0,
    "pct1ResTime" : 1962.7999999999997,
    "pct2ResTime" : 2523.6999999999975,
    "pct3ResTime" : 4484.149999999995,
    "throughput" : 2.2796937816731107,
    "receivedKBytesPerSec" : 27.608870901749818,
    "sentKBytesPerSec" : 1.9764706816746505
  },
  "Logout" : {
    "transaction" : "Logout",
    "sampleCount" : 4,
    "errorCount" : 0,
    "errorPct" : 0.0,
    "meanResTime" : 1418.5,
    "medianResTime" : 1446.5,
    "minResTime" : 717.0,
    "maxResTime" : 2064.0,
    "pct1ResTime" : 2064.0,
    "pct2ResTime" : 2064.0,
    "pct3ResTime" : 2064.0,
    "throughput" : 0.09749677041947985,
    "receivedKBytesPerSec" : 2.071853977258878,
    "sentKBytesPerSec" : 0.14672121407853364
  },
  "View Employee Info" : {
    "transaction" : "View Employee Info",
    "sampleCount" : 16,
    "errorCount" : 0,
    "errorPct" : 0.0,
    "meanResTime" : 979.1249999999999,
    "medianResTime" : 643.5,
    "minResTime" : 575.0,
    "maxResTime" : 2584.0,
    "pct1ResTime" : 2079.3000000000006,
    "pct2ResTime" : 2584.0,
    "pct3ResTime" : 2584.0,
    "throughput" : 0.2877025155988708,