{
  "loginAction" : {
    "transaction" : "loginAction",
    "sampleCount" : 1,
    "errorCount" : 0,
    "errorPct" : 0.0,
    "meanResTime" : 1010.0,
    "medianResTime" : 1010.0,
    "minResTime" : 1010.0,
    "maxResTime" : 1010.0,
    "pct1ResTime" : 1010.0,
    "pct2ResTime" : 1010.0,
    "pct3ResTime" : 1010.0,
    "throughput" : 0.9900990099009901,
    "receivedKBytesPerSec" : 29.60821472772277,
    "sentKBytesPerSec" : 2.3911277846534653
  },
  "Total" : {
    "transaction" : "Total",
    "sampleCount" : 7,
    "errorCount" : 0,
    "errorPct" : 0.0,
    "meanResTime" : 513.1428571428572,
    "medianResTime" : 450.0,
    "minResTime" : 178.0,
    "maxResTime" : 1010.0,
    "pct1ResTime" : 1010.0,
    "pct2ResTime" : 1010.0,
    "pct3ResTime" : 1010.0,
    "throughput" : 2.7068832173240525,
    "receivedKBytesPerSec" : 44.114870335460175,
    "sentKBytesPerSec" : 2.595103441608662
  },
  "loginAction-1" : {
    "transaction" : "loginAction-1",
    "sampleCount" : 1,
    "errorCount" : 0,
    "errorPct" : 0.0,
    "meanResTime" : 178.0,
    "medianResTime" : 178.0,
    "minResTime" : 178.0,
    "maxResTime" : 178.0,
    "pct1ResTime" : 178.0,
    "pct2ResTime" : 178.0,
    "pct3ResTime" : 178.0,
    "throughput" : 5.617977528089887,
    "receivedKBytesPerSec" : 4.356127106741574,
    "sentKBytesPerSec" : 4.443908005617978
  },
  "loginAction-0" : {
    "transaction" : "loginAction-0",
    "sampleCount" : 1,
    "errorCount" : 0,
    "errorPct" : 0.0,
    "meanResTime" : 381.0,
    "medianResTime" : 381.0,
    "minResTime" : 381.0,
    "maxResTime" : 381.0,
    "pct1ResTime" : 381.0,
    "pct2ResTime" : 381.0,
    "pct3ResTime" : 381.0,
    "throughput" : 2.6246719160104988,
    "receivedKBytesPerSec" : 2.5785351049868765,
    "sentKBytesPerSec" : 2.2555774278215224
  },
  "loginPage" : {
    "transaction" : "loginPage",
    "sampleCount" : 1,
    "errorCount" : 0,
    "errorPct" : 0.0,
    "meanResTime" : 202.0,
    "medianResTime" : 202.0,
    "minResTime" : 202.0,
    "maxResTime" : 202.0,
    "pct1ResTime" : 202.0,
    "pct2ResTime" : 202.0,
    "pct3ResTime" : 202.0,
    "throughput" : 4.9504950495049505,
    "receivedKBytesPerSec" : 45.02823329207921,
    "sentKBytesPerSec" : 3.2487623762376234
  },
  "homePage" : {
    "transaction" : "homePage",
    "sampleCount" : 1,
    "errorCount" : 0,
    "errorPct" : 0.0,
    "meanResTime" : 910.0,
    "medianResTime" : 910.0,
    "minResTime" : 910.0,
    "maxResTime" : 910.0,
    "pct1ResTime" : 910.0,
    "pct2ResTime" : 910.0,
    "pct3ResTime" : 910.0,
    "throughput" : 1.098901098901099,
    "receivedKBytesPerSec" : 18.179086538461537,
    "sentKBytesPerSec" : 0.5934495192307692
  },
  "loginAction-2" : {
    "transaction" : "loginAction-2",
    "sampleCount" : 1,
    "errorCount" : 0,
    "errorPct" : 0.0,
    "meanResTime" : 450.0,
    "medianResTime" : 450.0,
    "minResTime" : 450.0,
    "maxResTime" : 450.0,
    "pct1ResTime" : 450.0,
    "pct2ResTime" : 450.0,
    "pct3ResTime" : 450.0,
    "throughput" : 2.2222222222222223,
    "receivedKBytesPerSec" : 62.54774305555556,
    "sentKBytesPerSec" : 1.69921875
  },
  "viewCource-59" : {
    "transaction" : "viewCource-59",
    "sampleCount" : 1,
    "errorCount" : 0,
    "errorPct" : 0.0,
    "meanResTime" : 461.0,
    "medianResTime" : 461.0,
    "minResTime" : 461.0,
    "maxResTime" : 461.0,
    "pct1ResTime" : 461.0,
    "pct2ResTime" : 461.0,
    "pct3ResTime" : 461.0,
    "throughput" : 2.1691973969631237,
    "receivedKBytesPerSec" : 62.11234069956616,
    "sentKBytesPerSec" : 1.484968139913232
  }
}